{
    "CRPS_Mean": 0.17455479502677917,
    "mre": 0.1364051103591919,
    "pinaw": 0.4253943860530853,
    "CRPS_0": 0.17469008266925812,
    "CRPS_1": 0.17438697814941406,
    "CRPS_2": 0.17499424517154694,
    "CRPS_3": 0.17465975880622864,
    "CRPS_4": 0.1746741384267807,
    "CRPS_5": 0.17438963055610657,
    "CRPS_6": 0.17427639663219452,
    "CRPS_7": 0.17433306574821472,
    "CRPS_8": 0.17438794672489166,
    "CRPS_9": 0.17463599145412445,
    "CRPS_10": 0.17447857558727264,
    "CRPS_11": 0.17475078999996185,
    "mre_0": 0.12755273282527924,
    "mre_1": 0.16156882047653198,
    "mre_2": 0.22130176424980164,
    "mre_3": 0.26779699325561523,
    "mre_4": 0.2790168523788452,
    "mre_5": 0.25522682070732117,
    "mre_6": 0.21907147765159607,
    "mre_7": 0.18522986769676208,
    "mre_8": 0.15650886297225952,
    "mre_9": 0.1263086199760437,
    "mre_10": 0.0902290865778923,
    "mre_11": 0.05320132523775101,
    "mre_12": 0.0255423691123724,
    "mre_13": 0.015672897920012474,
    "mre_14": 0.0012896358966827393,
    "mre_15": -0.03353817015886307,
    "mre_16": -0.07746930420398712,
    "mre_17": -0.1230693906545639,
    "mre_18": -0.17140036821365356
}