{
    "CRPS_Mean": 0.17510895431041718,
    "mre": 0.15206299722194672,
    "pinaw": 0.4121180772781372,
    "CRPS_0": 0.17502419650554657,
    "CRPS_1": 0.17498646676540375,
    "CRPS_2": 0.17492441833019257,
    "CRPS_3": 0.17490480840206146,
    "CRPS_4": 0.1752692013978958,
    "CRPS_5": 0.17508360743522644,
    "CRPS_6": 0.17534533143043518,
    "CRPS_7": 0.17497001588344574,
    "CRPS_8": 0.17511604726314545,
    "CRPS_9": 0.1753295212984085,
    "CRPS_10": 0.1750604659318924,
    "CRPS_11": 0.17529328167438507,
    "mre_0": 0.21900320053100586,
    "mre_1": 0.25074344873428345,
    "mre_2": 0.252973735332489,
    "mre_3": 0.2537247836589813,
    "mre_4": 0.24101047217845917,
    "mre_5": 0.22139279544353485,
    "mre_6": 0.1968441903591156,
    "mre_7": 0.17259900271892548,
    "mre_8": 0.1492641419172287,
    "mre_9": 0.1264982670545578,
    "mre_10": 0.09929447621107101,
    "mre_11": 0.06935970485210419,
    "mre_12": 0.038287024945020676,
    "mre_13": 0.001638611196540296,
    "mre_14": -0.03770292550325394,
    "mre_15": -0.07852375507354736,
    "mre_16": -0.11759978532791138,
    "mre_17": -0.1573585569858551,
    "mre_18": -0.20470337569713593
}