{
    "CRPS_Mean": 0.4806421399116516,
    "mre": 0.2550559639930725,
    "pinaw": 0.2947004437446594,
    "CRPS_0": 0.5277292132377625,
    "CRPS_1": 0.5355114936828613,
    "CRPS_2": 0.5253555178642273,
    "CRPS_3": 0.5013694763183594,
    "CRPS_4": 0.4796636998653412,
    "CRPS_5": 0.4642331898212433,
    "CRPS_6": 0.45647135376930237,
    "CRPS_7": 0.45446786284446716,
    "CRPS_8": 0.45469337701797485,
    "CRPS_9": 0.45545676350593567,
    "CRPS_10": 0.4562089741230011,
    "CRPS_11": 0.4565444886684418,
    "mre_0": 0.570962131023407,
    "mre_1": 0.5299062132835388,
    "mre_2": 0.4919763505458832,
    "mre_3": 0.45948827266693115,
    "mre_4": 0.4276079535484314,
    "mre_5": 0.39656710624694824,
    "mre_6": 0.3613002300262451,
    "mre_7": 0.3249623775482178,
    "mre_8": 0.2855563163757324,
    "mre_9": 0.24525299668312073,
    "mre_10": 0.20506541430950165,
    "mre_11": 0.165485680103302,
    "mre_12": 0.12590596079826355,
    "mre_13": 0.08814983069896698,
    "mre_14": 0.051233064383268356,
    "mre_15": 0.017789732664823532,
    "mre_16": -0.01249857246875763,
    "mre_17": -0.03317707031965256,
    "mre_18": -0.031538721174001694
}