{
    "CRPS_Mean": 0.16825556755065918,
    "mre": 0.12374849617481232,
    "pinaw": 0.3326479196548462,
    "CRPS_0": 0.1684681475162506,
    "CRPS_1": 0.16834735870361328,
    "CRPS_2": 0.16820086538791656,
    "CRPS_3": 0.16787396371364594,
    "CRPS_4": 0.16771510243415833,
    "CRPS_5": 0.16806472837924957,
    "CRPS_6": 0.16825610399246216,
    "CRPS_7": 0.16819243133068085,
    "CRPS_8": 0.16845066845417023,
    "CRPS_9": 0.16846370697021484,
    "CRPS_10": 0.1684923619031906,
    "CRPS_11": 0.16854143142700195,
    "mre_0": 0.1451524943113327,
    "mre_1": 0.17287211120128632,
    "mre_2": 0.18450918793678284,
    "mre_3": 0.18055681884288788,
    "mre_4": 0.1706114411354065,
    "mre_5": 0.1537247598171234,
    "mre_6": 0.12856927514076233,
    "mre_7": 0.10424821823835373,
    "mre_8": 0.07734788209199905,
    "mre_9": 0.04783037304878235,
    "mre_10": 0.015050828456878662,
    "mre_11": -0.014314999803900719,
    "mre_12": -0.043567024171352386,
    "mre_13": -0.0700879916548729,
    "mre_14": -0.09770899266004562,
    "mre_15": -0.1283644586801529,
    "mre_16": -0.165885329246521,
    "mre_17": -0.2041648030281067,
    "mre_18": -0.24665454030036926
}