{
    "CRPS_Mean": 0.4943685531616211,
    "mre": 0.24040770530700684,
    "pinaw": 0.28870686888694763,
    "CRPS_0": 0.5381579995155334,
    "CRPS_1": 0.5448264479637146,
    "CRPS_2": 0.5327735543251038,
    "CRPS_3": 0.5109531879425049,
    "CRPS_4": 0.49563995003700256,
    "CRPS_5": 0.48355698585510254,
    "CRPS_6": 0.47390395402908325,
    "CRPS_7": 0.47007137537002563,
    "CRPS_8": 0.469360888004303,
    "CRPS_9": 0.470359206199646,
    "CRPS_10": 0.47166183590888977,
    "CRPS_11": 0.4711570739746094,
    "mre_0": 0.5708752870559692,
    "mre_1": 0.5288931131362915,
    "mre_2": 0.4894871115684509,
    "mre_3": 0.45181775093078613,
    "mre_4": 0.4155957102775574,
    "mre_5": 0.3774632215499878,
    "mre_6": 0.3372178077697754,
    "mre_7": 0.2946277856826782,
    "mre_8": 0.25148776173591614,
    "mre_9": 0.20776890218257904,
    "mre_10": 0.16500519216060638,
    "mre_11": 0.12250199913978577,
    "mre_12": 0.0815039649605751,
    "mre_13": 0.04094015061855316,
    "mre_14": 0.003010307904332876,
    "mre_15": -0.03063565492630005,
    "mre_16": -0.05840572342276573,
    "mre_17": -0.07190579175949097,
    "mre_18": -0.05761837959289551
}