{
    "CRPS_Mean": 0.16912798583507538,
    "mre": 0.11534588783979416,
    "pinaw": 0.3737979829311371,
    "CRPS_0": 0.16961917281150818,
    "CRPS_1": 0.16950646042823792,
    "CRPS_2": 0.16935263574123383,
    "CRPS_3": 0.16918306052684784,
    "CRPS_4": 0.16919702291488647,
    "CRPS_5": 0.16940441727638245,
    "CRPS_6": 0.16911904513835907,
    "CRPS_7": 0.16903430223464966,
    "CRPS_8": 0.16905802488327026,
    "CRPS_9": 0.16886304318904877,
    "CRPS_10": 0.16868054866790771,
    "CRPS_11": 0.1685180813074112,
    "mre_0": 0.15562132000923157,
    "mre_1": 0.16733424365520477,
    "mre_2": 0.16554391384124756,
    "mre_3": 0.1549537181854248,
    "mre_4": 0.1413290798664093,
    "mre_5": 0.12360794842243195,
    "mre_6": 0.10345926880836487,
    "mre_7": 0.08213472366333008,
    "mre_8": 0.05989984795451164,
    "mre_9": 0.03364437073469162,
    "mre_10": 0.008640557527542114,
    "mre_11": -0.0182977132499218,
    "mre_12": -0.04478079825639725,
    "mre_13": -0.07528446614742279,
    "mre_14": -0.10745714604854584,
    "mre_15": -0.13921257853507996,
    "mre_16": -0.16854046285152435,
    "mre_17": -0.20207862555980682,
    "mre_18": -0.2397511601448059
}